Cluster 5,Cluster 10,Cluster 15,Cluster 20,Cluster 25,Cluster 30,Cluster 35,Cluster 40,Name,State,MSA,Total Population (2019),Population Change,Median Age,% Population in Labor Force,% Population in Poverty,% Population People of Color,$% Population with Bachelor's Degree,% Population Foreign Born,Net Domestic Migration,Higher Education Employment,Higher Education Establishments,Hospital Employment,Hospital Establishments,Higher Education Enrollment,High Research Doctoral Degree Institutions,Total Pell Grant Amounts Awarded,Hospitals/Community Hospitals,Hospital Beds,NIH Research Funding
4,7,4,18,13,27,20,4,Bridgeport-Stamford-Norwalk,CT,Bridgeport-Stamford-NorwalkCT,943926,4.261814872169856,40.6,67.60000000000001,8.9,27.022245387879984,47.9,22,-1842,7722.9,47,14324.37,27,52381,0,14239240,6,1696,0
4,1,12,10,16,30,6,25,Virginia Beach-Norfolk-Newport News,VA-NC,Virginia Beach-Norfolk-Newport NewsVA-NC,1761729,5.932341994023105,36.3,66.8,11.3,40.98592916390659,31.900000000000002,6.5,-1261,16587.24,71,25974.21,63,144860,3,29406207,18,3519,0
1,2,9,7,20,23,30,40,Lima,OH,LimaOH,103175,-3.200232675961201,39.2,62.2,13.900000000000002,17.45965592440029,18.9,1.5,-17,1205.56,5,3646.53,8,12685,0,4181936,5,484,0
4,1,12,19,19,10,35,1,Orlando-Kissimmee-Sanford,FL,Orlando-Kissimmee-SanfordFL,2508970,20.413644291249966,37.2,64.2,13.700000000000001,30.272860974822336,32.2,18.5,13087,18299.38,75,46162.56,84,241249,1,59807073,15,7822,2048608
1,2,8,16,22,7,30,26,Pensacola-Ferry Pass-Brent,FL,Pensacola-Ferry Pass-BrentFL,488246,9.526715091368354,38.3,60.199999999999996,12.4,25.730471934229875,27,5,2138,4311.03,11,8880.38,28,32561,0,5588320,7,1373,0
4,1,12,10,16,30,6,25,New Orleans-Metairie,LA,New Orleans-MetairieLA,1267777,14.728873685544164,38.3,62.5,17.299999999999997,42.68842233294972,30.3,7.6,-3169,15121.32,54,30759.7,107,84250,2,24658224,30,4367,276038
5,3,8,16,12,7,27,26,Spartanburg,SC,SpartanburgSC,307617,10.587165264032027,38.2,61.5,14.000000000000002,26.82686587542301,24.5,6.3,1339,3042.33,11,6383.14,12,21211,0,9144709,3,807,2400490
4,8,14,20,4,24,13,39,Bismarck,ND,BismarckND,127503,20.869672379796754,37.3,71,7.9,9.22017521156365,33.300000000000004,2.1999999999999997,-419,1516.47,13,2119.25,5,10621,0,1921371,3,505,0
1,8,10,4,4,24,17,39,Billings,MT,BillingsMT,179071,16.246656799356018,39.5,66.3,9.6,9.114820378509084,31.6,2,185,1026.58,5,6636.25,8,6993,0,1755146,5,614,0
4,8,14,10,6,1,7,7,Huntsville,AL,HuntsvilleAL,457003,13.768938545260824,38.7,62.7,12.7,29.51140364505266,39.2,5.1,944,5740.25999999999,21,9853.59,10,40502,1,11379714,4,1270,0
5,3,2,14,1,9,11,27,Athens-Clarke County,GA,Athens-Clarke CountyGA,208457,10.33440602968263,32.2,61.4,22,27.98226972469142,39.4,7.8,71,15154.7899999999,9,4596.52,10,49431,1,5885080,3,560,0
1,2,9,8,10,25,3,32,Johnstown,PA,JohnstownPA,133009,-8.105512605274246,45.4,54.900000000000006,15.4,6.4732461713117155,21.099999999999998,1.0999999999999999,195,1514.76,5,1472.62,4,13608,0,3188715,3,573,0
1,2,10,7,3,8,30,26,Hagerstown-Martinsburg,MD-WV,Hagerstown-MartinsburgMD-WV,283147,6.99003959977027,40.2,62,11.899999999999999,15.1511405736243,21.3,4.3999999999999995,326,1764.65,19,6474.95,15,16711,0,3298808,3,514,0
5,3,7,3,24,6,15,38,Hattiesburg,MS,HattiesburgMS,168177,20.910620308860327,35.2,60.6,22.400000000000002,32.57520350583017,27.400000000000002,2.3,-247,2163,2,3843.02999999999,4,23959,1,5625411,4,873,0
5,5,3,9,2,15,10,15,El Paso,TX,El PasoTX,840477,8.830605479877773,32.2,62,20.200000000000003,20.39841661342309,23.200000000000003,24.2,-1136,10661.75,23,12384.73,27,81911,1,37455733,12,1914,0
4,3,7,10,16,30,34,25,Columbia,SC,ColumbiaSC,824278,10.768465823193063,36.6,64.2,15,40.444607280553406,32.7,5,1329,9657.31,34,21788.54,37,61027,1,15546435,8,2047,0
4,7,4,18,13,27,29,4,Kahului-Wailuku-Lahaina,HI,Kahului-Wailuku-LahainaHI,165979,0,41.2,66.8,9.3,64.51900541634785,27.200000000000003,18.7,-214,824.79,56,1988.12,23,4200,0,730299,4,367,0
1,2,9,7,20,23,30,20,Evansville,IN-KY,EvansvilleIN-KY,314960,-11.491791577444687,39.7,63.2,14.399999999999999,11.922783845567691,25.900000000000002,2.6,649,3388.45,6,9480.26999999999,14,17961,0,4201908,7,1368,0
1,2,9,8,10,25,3,32,Florence-Muscle Shoals,AL,Florence-Muscle ShoalsAL,147327,0.7653479973735999,41.7,54.900000000000006,14.899999999999999,16.0201456623701,21.5,2,286,1681.14,6,2003.87999999999,8,13944,0,3886813,3,601,0
1,2,8,7,22,19,14,20,Wilmington,NC,WilmingtonNC,288337,-17.505335858687012,39.8,61.6,15.6,19.608652375518922,37.9,5,1598,4753.87,11,2211.11,8,34395,1,7961996,2,784,0
1,2,10,4,22,7,30,26,East Stroudsburg,PA,East StroudsburgPA,168032,0,42.9,61.8,11.200000000000001,23.677632831841557,24.7,9.8,804,711.99,4,1911.84,3,7561,0,3185559,2,329,0
4,8,14,1,18,26,32,18,Missoula,MT,MissoulaMT,117309,9.34028036686303,36,70.1,14.299999999999999,8.432430589298349,43,3,505,2320.18,9,2835.46,8,13140,1,2559389,2,335,0
1,2,10,4,3,8,1,29,Winchester,VA-WV,WinchesterVA-WV,137621,9.761369255555019,41.1,62.3,10.100000000000001,9.964322305462101,26.700000000000003,6.800000000000001,79,1756.93,12,2968.2,4,13933,0,1517331,2,585,0
1,2,10,4,3,7,16,26,Reading,PA,ReadingPA,418025,2.6306744248852265,39.9,65.3,12,17.59488068895401,24.9,7.5,-196,2862.89,7,8465.27999999999,8,25267,0,7238181,5,1064,0
5,3,7,3,24,6,5,22,Columbus,GA-AL,ColumbusGA-AL,319402,10.061198329451004,35.4,59.699999999999996,19.1,50.91389534192021,24,5.1,813,1884.97,10,7557.55999999999,17,18148,0,7404170,6,1067,0
1,6,13,12,21,13,33,30,Lake Havasu City-Kingman,AZ,Lake Havasu City-KingmanAZ,207695,4.27659820159958,51.6,45.1,16.400000000000002,9.76528082043381,12.9,6,6196,312.67,3,3413.44,7,5713,0,818042,4,512,0
1,2,10,4,3,19,30,26,Davenport-Moline-Rock Island,IA-IL,Davenport-Moline-Rock IslandIA-IL,381175,1.178278688524581,39.7,63.4,12.5,14.870597494589099,26.900000000000002,5.2,-1381,4592.63999999999,32,6602.6,16,30551,0,4511967,8,1073,0
4,8,14,20,4,17,13,16,Des Moines-West Des Moines,IA,Des Moines-West Des MoinesIA,680439,23.069730090488317,36.2,71.6,9.3,13.136813145630983,36.5,7.7,1261,9938.93,60,13311.62,47,48998,0,5780793,8,1717,0
1,2,10,4,22,19,30,20,Springfield,IL,SpringfieldIL,209167,0.5658925909899581,40.4,63.6,14.2,17.228817165231607,33.900000000000006,3.1,-940,2872.81,5,7926.56,9,17127,0,4123822,2,878,0
4,7,14,10,16,5,7,8,Durham-Chapel Hill,NC,Durham-Chapel HillNC,626695,28.287561309129018,37.6,64.60000000000001,14.2,37.50708079687887,45.300000000000004,11.700000000000001,2172,27865.66,21,41248.97,12,70897,2,11547705,8,2444,0
4,8,14,20,4,17,13,16,Omaha-Council Bluffs,NE-IA,Omaha-Council BluffsNE-IA,931779,10.162800595871468,35.7,70.7,10.299999999999999,16.0280495696941,36.3,7.3999999999999995,-2950,14675.7199999999,55,20290.16,54,84246,1,9262652,18,2611,0
1,2,9,8,20,23,3,40,Longview,WA,LongviewWA,106778,5.466002923630042,41.3,56.3,14.399999999999999,11.042536852160557,17,4,317,540.42,3,1112.91,1,4163,0,669295,1,180,0
4,1,12,19,19,10,35,34,Austin-Round Rock-Georgetown,TX,Austin-Round Rock-GeorgetownTX,2114441,29.913902373537017,34.7,70.6,10.8,24.04824726724463,44.800000000000004,15.2,13251,21631.63,52,28485.13,60,178531,2,39892340,30,3694,0
4,8,8,11,7,29,16,9,Sioux City,IA-NE-SD,Sioux CityIA-NE-SD,143846,1.4471698379339148,36,69.3,12.6,15.487396243204538,22.5,10,-1127,1353.94,17,2192.82,14,12971,0,2348462,4,429,0
5,3,15,17,15,11,19,21,New Bern,NC,New BernNC,124786,0,39.3,58.3,15.7,29.401535428653858,23.3,4.3,-371,257.3,8,1763.74,3,5154,0,516697,1,215,0
1,6,13,12,21,13,4,17,The Villages,FL,The VillagesFL,125044,0,67.4,22.5,8.200000000000001,10.999328236460766,31.8,5.3,2779,383.44,2,1157.02,5,193,0,372140,1,40,0
1,2,8,7,20,7,30,26,Kankakee,IL,KankakeeIL,110637,-1.305084745762708,37.7,61,14.2,20.439816697849725,20.8,4.9,-1098,1138.69999999999,4,3096.18,6,11017,0,1848675,2,482,0
1,6,13,12,17,18,24,35,North Port-Sarasota-Bradenton,FL,North Port-Sarasota-BradentonFL,803709,15.671707307946381,52.5,51,10.299999999999999,11.718793742511282,32.800000000000004,12.5,14742,2143.56,14,13547.79,25,23552,0,7969462,8,2182,0
4,1,12,10,6,1,6,7,Providence-Warwick,RI-MA,Providence-WarwickRI-MA,1618268,0.9636753176584856,40.3,65.10000000000001,12,18.281520736985467,32.300000000000004,13.3,-1168,22414,73,34587.33,47,122496,3,32824089,15,3133,82706770
5,5,3,9,2,15,10,15,Bakersfield,CA,BakersfieldCA,887641,8.820475350407575,31.6,58.3,21,25.629054989573486,16.400000000000002,19.900000000000002,-2419,7155.71999999999,17,9059.31,34,74372,0,17166477,11,1648,0
4,3,8,10,6,1,6,7,Albuquerque,NM,AlbuquerqueNM,912108,5.792742688464503,38.2,61,16.2,25.070824946168656,32.2,8.9,-1185,8943.6,52,20352.01,24,70104,1,15479067,10,1869,0
1,2,10,4,3,8,1,29,York-Hanover,PA,York-HanoverPA,445565,4.061423483388804,41,65.60000000000001,9.6,11.581924073928608,24.9,4.2,521,1551.23,5,7001.72,7,8235,0,3810250,6,958,0
1,8,8,16,7,29,16,5,San Angelo,TX,San AngeloTX,120837,10.179351344451227,34.1,64.5,13.4,13.312147769309068,24.2,6.3,477,1292.27,6,2797.12,6,11812,0,4047906,2,451,0
4,8,10,4,4,24,17,39,Rapid City,SD,Rapid CitySD,138402,12.450641056890754,38.5,67.10000000000001,12.4,15.573474371757634,30.599999999999998,2.3,-672,1237.6,30,4556.5,8,9962,0,1181133,5,605,0
1,6,13,12,21,13,33,30,Sebring-Avon Park,FL,Sebring-Avon ParkFL,103437,0,53.5,42.3,18.6,19.234896603729805,17.2,11,1103,236.38,2,1642.45,4,3851,0,1105554,2,260,0
4,8,8,16,6,1,7,7,Lansing-East Lansing,MI,Lansing-East LansingMI,546772,17.93995711839034,36.4,63.4,14.899999999999999,17.709758363632375,32.5,6.6000000000000005,-25,15390.22,17,10591.5,17,78021,1,14095757,7,1203,0
4,8,14,11,4,17,25,16,Anchorage,AK,AnchorageAK,398900,8.274929834371125,34,69.3,9.4,32.04712960641765,32.300000000000004,8.9,-5856,2611.4,32,8134.68,16,24627,0,2993292,5,836,0
1,2,9,8,10,25,3,32,Redding,CA,ReddingCA,179212,1.3035171220874275,41.5,54.2,16.7,13.441064214449923,22.2,5.5,-904,1049.88,4,3000.86,8,14331,0,1846322,5,567,0
1,6,13,12,17,18,24,35,Deltona-Daytona Beach-Ormond Beach,FL,Deltona-Daytona Beach-Ormond BeachFL,646288,30.286078302116913,47.5,52,13.900000000000002,18.450907335429406,23.9,8.3,5412,5329.43,16,9606.38,13,57385,0,11314947,6,1582,0
5,3,8,16,12,29,27,5,Abilene,TX,AbileneTX,170669,4.64584406347337,34.1,60.3,14.7,22.634456169544556,23,5.6000000000000005,351,1712.22,11,3877.27,9,9923,0,3048943,6,731,0
5,3,8,10,6,1,6,7,Tucson,AZ,TucsonAZ,1027207,6.505699550630295,38.5,58.199999999999996,16.8,23.96819725722274,32.4,13,5881,9284.91999999999,19,20016.22,22,88287,1,15756723,12,2885,0
1,2,9,7,20,19,30,20,Bangor,ME,BangorME,151774,-0.7584971294806953,42,60.4,14.799999999999999,5.47458721520155,27.700000000000003,2.9000000000000004,144,3271.31,8,6079.4,8,20688,1,5506942,4,526,0
1,2,10,4,22,2,26,6,Hilton Head Island-Bluffton,SC,Hilton Head Island-BlufftonSC,214752,0,44.8,56.49999999999999,11.200000000000001,28.287513038295337,38.1,8.200000000000001,2053,843.73,11,5044.82,19,5549,0,1375607,3,331,0
1,2,9,7,20,23,30,40,Owensboro,KY,OwensboroKY,118477,4.304151847026105,39.1,61.1,16.2,8.820277353410367,21.3,2.7,114,1176.15,5,783.5,2,7592,0,2307996,1,360,0
5,3,15,17,15,11,19,21,Vineland-Bridgeton,NJ,Vineland-BridgetonNJ,151906,-2.283604363935776,37.6,55.60000000000001,16.5,31.933564177846822,15.6,10,-330,315.03,4,3591.28,3,4149,0,1585362,2,386,0
4,8,14,20,18,17,13,16,Fargo,ND-MN,FargoND-MN,240421,19.316224894416358,32.5,74.8,11.1,12.040545543026608,38.6,6.7,-1200,5468.26,23,12875.85,15,26120,1,4406515,3,714,0
4,3,8,10,6,30,6,25,Little Rock-North Little Rock-Conway,AR,Little Rock-North Little Rock-ConwayAR,737015,8.09651340838824,36.9,62.4,15.1,29.675108376355976,30.4,4.3,-2930,6511.24,23,27956.82,28,45070,1,13589040,16,2909,0
4,8,2,14,1,9,8,27,State College,PA,State CollegePA,161960,6.967129204615263,32.3,57.3,18.2,12.41726352185725,45.5,8.7,-1259,23522.489999999998,2,2434.1,3,70595,1,16920529,2,333,0
5,3,7,3,24,6,5,22,Sumter,SC,SumterSC,140714,32.000637892702684,38.1,56.89999999999999,19.7,52.28548687408502,18.2,2.8000000000000003,-321,907.4,4,851.69,2,6909,0,3470625,2,266,0
1,2,10,4,22,19,30,26,Peoria,IL,PeoriaIL,406883,8.200326555793701,39.9,61.199999999999996,12.2,14.601494778597287,27.700000000000003,3.3000000000000003,-2877,2373.1,6,12633.05,16,22114,0,5650132,8,1357,0
4,7,14,20,18,5,7,8,Raleigh-Cary,NC,Raleigh-CaryNC,1332311,24.550665891367075,36.7,69.1,9.8,32.79009180288986,46.800000000000004,12.3,10923,14428.59,40,19920.36,16,99958,1,18281181,5,1873,0
1,2,10,4,22,7,30,26,Mount Vernon-Anacortes,WA,Mount Vernon-AnacortesWA,125612,9.008860462896262,41.5,59.699999999999996,12,17.89717542909913,26.200000000000003,10.299999999999999,202,832.41,4,2044.23,9,7734,0,734995,3,270,0
5,3,7,3,24,6,5,22,Shreveport-Bossier City,LA,Shreveport-Bossier CityLA,399619,1.5937460277106963,36.9,59.099999999999994,21.3,44.652781774640346,23.400000000000002,2.7,-2904,3965.39,16,15933.11,44,28169,0,8850784,10,1561,0
1,2,10,4,3,8,1,29,Coeur d'Alene,ID,Coeur d'AleneID,157322,16.66357683665676,40.2,61,11.700000000000001,6.005517346588526,25.2,2.4,1744,821.14,6,1781.45,11,7176,0,1549471,4,426,0
4,8,8,10,6,1,6,7,Greenville-Anderson,SC,Greenville-AndersonSC,895942,0,38.6,62.1,13.5,23.29659732438037,29.599999999999998,6.2,5886,9795.21,29,18880.21,51,73260,1,14907400,14,2039,0
1,2,9,7,20,23,30,20,Utica-Rome,NY,Utica-RomeNY,292016,-2.2916701520753535,41.7,58.3,15.1,12.476028710755575,24.8,6.5,-603,3306.55,9,6726.94,14,25254,0,7893098,4,687,0
5,3,15,17,15,11,19,21,Flint,MI,FlintMI,407875,-5.81428644002826,40.5,58.3,18.9,25.24768617836347,21.2,2.5,-1748,4563.05999999999,8,6374.94,16,22328,0,3933323,4,1250,0
5,3,15,6,9,28,31,3,Longview,TX,LongviewTX,284796,35.47134988060468,37.6,57.9,16.5,22.999620781190746,19,7.000000000000001,104,2979.76,7,3261.34,16,11760,0,2877995,4,609,0
5,3,15,17,15,11,19,21,Dothan,AL,DothanAL,148252,3.877576759764012,41.1,55.60000000000001,18.4,27.60165124247902,19.5,2.1,366,1010.73,6,4410.02,7,980,0,326129,5,770,0
5,3,15,17,15,11,19,12,Muncie,IN,MuncieIN,115020,-1.9805017725661345,35.6,58.599999999999994,21.9,11.612762997739523,23.7,2.1,-459,3913.86,2,1755.62,5,25042,1,6936153,2,364,0
1,2,9,8,10,25,3,32,Youngstown-Warren-Boardman,OH-PA,Youngstown-Warren-BoardmanOH-PA,541846,-5.267537916866994,44.1,57.699999999999996,16.7,14.664129660457032,21.9,1.9,-920,3345.96,11,8899.06,30,24395,0,8787735,13,1564,0
4,8,14,1,18,5,32,8,Charlottesville,VA,CharlottesvilleVA,215445,9.208278630771648,38.3,62.7,11.899999999999999,20.215832347002717,48.1,8.9,38,4295.21999999999,10,10912.43,7,35771,1,3043508,3,806,0
5,3,8,16,12,29,27,5,Jonesboro,AR,JonesboroAR,131241,11.191032940219593,35.1,62.1,17.5,19.458858131224236,23.3,3.5000000000000004,-485,2551.57,5,4145.23,7,19085,1,3381778,4,725,0
5,8,2,14,1,9,11,12,Lubbock,TX,LubbockTX,316474,14.606774124625632,31,64.9,18.9,17.662430405025372,29.5,5.8999999999999995,186,8173.37,13,6757.06,12,51120,1,8103565,10,1370,0
1,8,10,4,3,24,16,39,Eau Claire,WI,Eau ClaireWI,167406,5.388203743224618,37,67.2,12.5,6.919106842048672,27.700000000000003,2.9000000000000004,481,3915.89,6,4391.78,8,24639,0,4022255,7,611,0
4,8,14,11,4,17,25,16,Midland,TX,MidlandTX,173816,31.57611863470171,31.7,70.6,9.5,17.925277304736042,27.1,13.4,295,843.12,3,1833.56,10,9248,0,798860,3,342,0
4,8,2,1,18,26,18,18,Manhattan,KS,ManhattanKS,132928,10.448430865869573,26.6,70.6,17.1,19.248013962445835,37.3,6.800000000000001,-2805,5332.07,7,1294.33,7,26198,1,3654005,5,318,0
5,3,8,11,12,29,25,28,Clarksville,TN-KY,ClarksvilleTN-KY,299470,13.637484774087305,31.1,64.3,14.7,27.323605035562824,24.8,4.1000000000000005,106,2473.56,12,4023.71,9,18760,0,6685669,3,329,0
1,6,10,4,17,2,26,6,Barnstable Town,MA,Barnstable TownMA,213496,-1.8332467365265281,53.3,59.8,6.4,8.350039344999438,43.4,8,-575,1204.66,9,4059.33,13,6525,0,887583,3,414,0
4,1,12,19,19,10,22,24,Indianapolis-Carmel-Anderson,IN,Indianapolis-Carmel-AndersonIN,2029472,18.180891758319518,36.5,67.30000000000001,12.4,23.369575929108656,34.699999999999996,7.000000000000001,-1994,30039.42,38,54164.0499999999,89,293326,1,32896712,28,5428,0
1,2,9,7,20,23,3,40,Jackson,MI,JacksonMI,158636,-1.815323484084197,41.2,56.89999999999999,13.8,12.686275498625784,22.2,1.9,363,884.72,4,2573.14,2,11449,0,2189935,2,448,0
5,3,15,16,12,29,27,12,Waco,TX,WacoTX,268361,16.88858689734174,33.7,60.099999999999994,19.6,22.001334023945358,23.400000000000002,8.200000000000001,1437,4463.64,11,4178.51,16,47753,1,10642934,3,542,0
5,5,3,5,8,15,10,15,Merced,CA,MercedCA,271382,8.25013262916885,31.1,59.699999999999996,21.2,44.935920584268665,13.8,26.3,-752,3179.46,2,1671.49,5,24866,1,12457808,2,230,0
5,2,8,16,7,29,16,5,Watertown-Fort Drum,NY,Watertown-Fort DrumNY,112842,0,32.5,63.7,14.000000000000002,13.642083621346663,22.2,4,-1916,376.8,3,2074.02,3,4559,0,1905139,3,231,0
1,6,13,12,17,18,33,30,Prescott Valley-Prescott,AZ,Prescott Valley-PrescottAZ,228067,8.987384115454455,53.4,48,13,8.689990222171556,25.900000000000002,6.2,3489,1537.92999999999,5,3121.33,8,13800,0,2131198,3,309,0
4,8,10,4,22,24,17,39,Harrisburg-Carlisle,PA,Harrisburg-CarlislePA,571013,5.400012551729749,40.4,65.4,9.8,20.031768103353166,32.2,6.5,1776,6774.28,14,17514.96,16,54170,0,7681337,8,1975,0
1,2,9,8,10,25,3,32,Huntington-Ashland,WV-KY-OH,Huntington-AshlandWV-KY-OH,361832,26.024687230070498,41.4,51.6,18.9,5.249397510446837,20.1,1.0999999999999999,-1919,3628.43,15,10750.46,15,28950,1,7098207,6,1256,0
1,2,8,16,7,7,30,26,Rockford,IL,RockfordIL,338356,-2.6422933829009065,39.5,64.4,14.7,19.8433011384459,23,8.7,-1609,1188.32,6,8553,8,16662,0,2897195,4,859,0
5,3,15,17,15,11,19,21,Texarkana,TX-AR,TexarkanaTX-AR,149292,11.041525656950313,38.6,54,17.599999999999998,30.258821638131984,18.8,3,38,689.54,8,2971.49,9,8267,0,2434740,6,697,0
5,2,8,16,7,22,27,9,Dalton,GA,DaltonGA,143961,2.950620374012236,36.5,62.1,15.8,9.098297455560882,14.099999999999998,15.5,-106,622.75,1,1999.07,6,6004,0,2409687,2,239,0
5,8,8,11,7,22,27,9,Kennewick-Richland,WA,Kennewick-RichlandWA,289527,21.44283281461037,33.9,63.3,12.9,21.56931823284184,27,14.499999999999998,912,1762.84,11,3998.22999999999,10,10190,0,1942590,4,447,0
1,2,10,4,3,24,17,29,Oshkosh-Neenah,WI,Oshkosh-NeenahWI,170411,3.2593678801686954,38.3,65.10000000000001,11.3,8.24594656448234,28.299999999999997,3.5000000000000004,-382,3640.85,3,2175.41,5,19293,0,2930422,4,384,0
5,3,7,10,16,30,34,25,Baton Rouge,LA,Baton RougeLA,854318,8.42135587928845,35.6,63.1,15.9,40.77252264379306,27.6,4,-1579,7777.41,40,14242.31,60,64442,1,23829120,19,2480,0
5,8,2,14,1,9,11,12,Morgantown,WV,MorgantownWV,139157,10.713575355435157,34.2,58.699999999999996,19.5,9.856493025862873,35.699999999999996,4.6,-1111,5269.25,13,9555.33,8,31660,1,6569002,4,963,0
4,8,8,10,6,1,6,7,Springfield,MA,SpringfieldMA,699480,1.2097771874308272,39.3,62.1,14.799999999999999,15.9941670955567,32.800000000000004,8.3,-2112,18528.87,42,16253.33,38,86651,1,16120205,9,1632,7716912
4,7,4,18,16,27,29,11,Urban Honolulu,HI,Urban HonoluluHI,984821,5.105423358349759,37.9,66.60000000000001,8.3,79.06035716135217,35,19.7,-6775,15270.06,98,17059.559999999998,29,66798,1,10374434,11,1877,3116302
5,5,3,5,8,15,10,15,Hanford-Corcoran,CA,Hanford-CorcoranCA,150691,-0.2852000370561547,31.8,55.60000000000001,18.2,32.27067309925609,14.7,18.9,-577,72.78,3,1990.85,4,6665,0,1484912,2,248,0
4,8,14,11,4,17,25,16,Greeley,CO,GreeleyCO,305345,25.728814955118185,34.4,68.2,10,9.678560317018455,27.500000000000004,8.7,598,3571.17,13,2235.81,2,24914,0,4265294,4,474,0
5,4,11,13,25,21,21,36,Salisbury,MD-DE,SalisburyMD-DE,404417,227.82947747280363,45.5,57.4,12.6,23.640697596787476,27.3,7.1,2044,2679.85999999999,9,6288.38,17,17204,1,3623992,5,651,0
5,2,8,16,7,29,16,9,Twin Falls,ID,Twin FallsID,108599,0,34.2,65.7,15.299999999999999,7.821434819841803,19.7,10.6,1190,585.46,4,1846.14,11,12791,0,1680573,2,231,0
5,3,7,3,24,6,5,22,Albany,GA,AlbanyGA,148436,-5.771672337616174,36.9,58.4,24.2,57.8741006224905,20,2.3,-359,1234.63,4,2828.34,5,12159,0,8011950,2,460,0
1,2,8,16,7,19,30,5,South Bend-Mishawaka,IN-MI,South Bend-MishawakaIN-MI,321739,0.8741154597414758,38.1,62.8,14.899999999999999,20.360913659829862,27.800000000000004,5.7,-902,11539.76,12,6423.01,5,26330,1,6029749,4,770,0
4,1,12,19,19,10,35,34,Nashville-Davidson--Murfreesboro--Franklin,TN,Nashville-Davidson--Murfreesboro--FranklinTN,1871903,21.43063337270952,36.4,68.60000000000001,11.4,22.44934700142048,36.199999999999996,8.3,12233,22978.03,61,54231.69,65,116480,2,38224670,27,5027,284934924
1,2,8,7,22,19,30,26,Lynchburg,VA,LynchburgVA,261652,5.1901166670687005,39.9,59.099999999999994,13.200000000000001,22.00938651338419,27.500000000000004,3.3000000000000003,-77,4421.92,15,3955.37,10,121983,0,7862282,3,1208,0
5,3,7,3,24,6,5,22,Florence,SC,FlorenceSC,205502,0.9842800210320357,39.9,57.99999999999999,18.9,45.392745569386186,21.9,2.4,-1171,1395.07,3,3531.31999999999,16,11560,0,5379132,7,1147,0
5,3,7,3,12,29,34,28,Lawton,OK,LawtonOK,127620,6.436923487514812,33.3,63.1,16.2,36.60711487227707,21.8,5.3,334,999.65,12,2071.15,4,6119,0,2360560,2,530,0
4,8,8,10,6,1,6,7,Akron,OH,AkronOH,703845,0.10695597879655239,40.3,64.3,13.100000000000001,18.654107083235655,31.7,4.9,-1561,5535.28,13,18859.81,17,58967,2,13072546,8,2033,155132
1,3,15,17,15,11,19,21,Brunswick,GA,BrunswickGA,117400,7.608685689144723,42.7,57.8,18.3,28.200170357751276,25,4.1000000000000005,189,604.99,3,1961.53,2,4436,0,1766701,1,532,0
5,3,7,3,16,30,34,25,Memphis,TN-MS-AR,MemphisTN-MS-AR,1339623,2.9490919486523604,36.3,64.1,17.599999999999998,53.65106451591232,28.299999999999997,5.3,-3076,9035.50999999999,29,34711.630000000005,44,77065,1,35759198,18,3793,107236811
1,2,10,4,3,8,1,29,Fond du Lac,WI,Fond du LacWI,102597,1.6627196068133898,41.6,67.10000000000001,8.4,7.178572472879324,23.1,3.4000000000000004,-70,1020.46,4,1625.25,2,10310,0,1538765,2,162,0
5,3,2,14,1,9,15,38,Flagstaff,AZ,FlagstaffAZ,141274,7.168649107901448,30.7,62.7,17.599999999999998,36.058298059090845,36.199999999999996,4.3999999999999995,-648,4094.91,6,4080.17,3,40972,1,9001193,3,342,0
5,3,7,3,24,6,5,22,Macon-Bibb County,GA,Macon-Bibb CountyGA,229504,-0.7215406710155192,38.3,56.10000000000001,21.7,49.34075223089794,23.400000000000002,2.8000000000000003,101,2193.39,7,6823.86,13,21380,1,7086562,5,999,0
5,3,7,3,24,30,34,25,Jackson,MS,JacksonMS,597727,12.002480919964098,36.5,61.5,17,53.41217646182956,29.799999999999997,2.5,-1245,9898.65,21,21125.92,22,45586,1,19722252,16,2623,0
4,3,8,11,12,30,34,28,Savannah,GA,SavannahGA,386036,14.898505863444257,35.6,65.9,13.700000000000001,40.438974603404866,31.5,5.7,1726,2844.06999999999,11,8434.74,20,39377,0,7493993,7,1288,0
1,2,9,8,10,25,3,32,Beckley,WV,BeckleyWV,118828,0,43.2,49.3,19.3,9.92527013835123,17.1,1.2,-373,1096.25,13,2744.24,6,4753,0,2185174,4,490,0
5,3,2,14,1,9,11,12,Blacksburg-Christiansburg,VA,Blacksburg-ChristiansburgVA,166785,3.5848037115015607,33.5,56.599999999999994,21.4,12.077824744431453,35.199999999999996,5.3,-476,8779.59,10,2457.42,9,56176,1,9159946,4,250,0
1,2,8,16,12,7,31,3,Elizabethtown-Fort Knox,KY,Elizabethtown-Fort KnoxKY,150913,31.278924110094298,37.7,62.3,13.200000000000001,17.057509956067403,20.599999999999998,3.2,1302,894.699999999999,8,1942.4,6,9425,0,1978214,2,308,0
1,2,8,7,20,19,30,20,Eugene-Springfield,OR,Eugene-SpringfieldOR,373340,7.54243049234351,39.4,59.8,17.599999999999998,13.456366850591953,30.5,5.800000000000001,3329,1982.86,16,6127.14,5,42185,1,8798082,5,619,0
4,1,12,10,16,30,6,1,Jacksonville,FL,JacksonvilleFL,1503574,13.976629687043985,38.3,63.9,12.6,30.717344141359188,31.4,9.3,8930,6555.85,50,29718.12,117,80372,0,18749913,15,4227,0
5,5,2,14,1,9,11,27,College Station-Bryan,TX,College Station-BryanTX,258029,17.79026559176109,27.8,60.5,22.7,23.032682372911573,37.5,12.5,-581,9511.93,20,3491.33,9,73348,1,11538189,7,572,0
4,7,12,18,16,30,35,1,Las Vegas-Henderson-Paradise,NV,Las Vegas-Henderson-ParadiseNV,2182004,15.113681146238944,37.3,64.2,13.700000000000001,39.8419067976044,24.5,22.2,21322,7491.42,76,26573.08,52,107098,1,27588220,23,4421,0
1,2,8,7,20,7,30,26,Panama City,FL,Panama CityFL,182161,9.210542092830853,39.8,61.3,14.6,18.94148582847042,23.7,6.2,160,502.07,4,2590.45,21,7590,0,1744601,5,367,0
4,8,8,10,6,1,6,7,Louisville/Jefferson County,KY-IN,Louisville/Jefferson CountyKY-IN,1257088,-0.3754086343193408,39,65.2,12.5,20.57922754811119,29.599999999999998,5.8999999999999995,-2581,11398.31,48,32138.69,47,70308,1,14971205,15,3740,0
1,2,9,8,10,25,3,32,Sierra Vista-Douglas,AZ,Sierra Vista-DouglasAZ,125867,0,41.1,49.5,16.6,14.528033559233158,23.1,10.7,256,1016.76999999999,4,1279.28,5,10373,0,1655366,4,160,0
1,2,10,4,3,8,17,29,Topeka,KS,TopekaKS,232778,0.6015921447278583,39.9,63.800000000000004,11.1,14.96619096306352,28.7,3.3000000000000003,-131,2218.37,11,9157.43,10,10716,0,1774266,4,723,0
1,2,9,7,20,23,30,40,Williamsport,PA,WilliamsportPA,114330,-1.7580944524644204,41.5,59.8,13.600000000000001,7.938423860753958,23.400000000000002,2,97,994.639999999999,2,1987.26,5,6899,0,2841600,3,433,0
1,6,13,12,21,13,33,30,Punta Gorda,FL,Punta GordaFL,181067,13.60353860149952,59.1,41,11.1,10.062573522508243,23.400000000000002,10.9,3846,124.38,3,2198.39,4,543,0,304637,3,681,0
1,2,9,7,20,23,30,40,Springfield,OH,SpringfieldOH,134726,-3.3349118199951233,41.1,60.5,14.899999999999999,13.157816605554979,18.7,2,276,346.73,2,1821.71,7,10369,0,1520157,2,283,0
4,7,4,18,13,27,20,4,Napa,CA,NapaCA,139623,4.156626955412501,41.3,65.2,7.8,26.611661402490995,35.699999999999996,22.1,-377,964.599999999999,5,4315.55999999999,3,8894,0,957463,2,289,0
5,5,3,5,8,15,29,15,Stockton,CA,StocktonCA,742603,10.241785713755513,34.3,60.4,14.499999999999998,43.53806811984331,18.8,23.3,-823,6568.88999999999,7,6687.37,13,34951,0,8112237,7,1049,0
1,2,15,17,15,11,19,21,Gadsden,AL,GadsdenAL,102748,-1.2665039494167196,41.4,54.300000000000004,17.4,20.166815899092928,17.8,2.8000000000000003,-256,828.43,5,2283.44,5,6678,0,2953119,3,603,0
1,2,9,7,20,19,30,20,Binghamton,NY,BinghamtonNY,241874,-4.08714375785646,40.8,58.3,15.9,12.360154460586918,27.900000000000002,6,-959,2292.36,5,4867.22,6,29074,1,8636390,2,618,0
1,8,10,4,3,24,17,39,Lancaster,PA,LancasterPA,540999,5.818875305623461,38.6,66.2,10.100000000000001,11.549559241329467,27.3,5,-425,4335.99,12,8728.61,8,21531,0,5069038,4,844,0
1,2,10,7,3,19,30,20,Duluth,MN-WI,DuluthMN-WI,289247,3.9197088421589754,41.6,62.2,13.200000000000001,7.958941665773543,27.6,2.3,-571,4728.68,12,12406.23,17,34228,0,5937939,12,1200,0
4,8,14,11,4,24,25,39,Idaho Falls,ID,Idaho FallsID,145507,16.651968958440232,32.8,64.4,9.9,10.013263966682015,29.7,4.9,1156,492.76,4,1659.55,14,2315,0,1008659,3,345,0
1,2,10,4,3,8,1,29,Wausau-Weston,WI,Wausau-WestonWI,163140,22.990862760471643,41.8,67.30000000000001,9.1,8.394017408360916,24.2,3.4000000000000004,-47,972.41,5,2842.23,4,9423,0,517409,4,367,0
4,7,4,18,13,27,20,4,Oxnard-Thousand Oaks-Ventura,CA,Oxnard-Thousand Oaks-VenturaCA,847263,4.719310822168388,38.1,65.60000000000001,8.9,19.899960224865243,33.800000000000004,21.8,-4826,7115.38999999999,26,7177.08,12,65514,0,12072784,7,1087,0
5,3,7,3,24,6,5,22,Valdosta,GA,ValdostaGA,145315,7.9357651655265204,32.1,58.3,24.099999999999998,41.0521969514503,23.200000000000003,3.2,114,2144.45,4,1483.34,7,20479,0,6018687,3,253,0
1,2,8,16,22,19,31,3,Spokane-Spokane Valley,WA,Spokane-Spokane ValleyWA,550160,19.272777727191915,38.2,60.5,13.700000000000001,12.102115748145994,29.7,5.2,2542,8210.07,27,13112.53,15,53232,0,9712234,9,1578,0
1,2,9,7,20,23,30,40,St. Joseph,MO-KS,St. JosephMO-KS,126173,0.11346504800444634,38.9,59.4,15.2,11.431130273513352,20.9,3.1,-670,1184.74,5,1694.64999999999,5,11387,0,2994710,1,352,0
5,4,11,6,9,28,9,37,Gulfport-Biloxi,MS,Gulfport-BiloxiMS,412115,70.91555312248572,38,60.5,18.5,28.39401623333293,21.9,3.8,709,2074.00999999999,8,10052.52,14,732,0,1624765,8,1032,0
5,8,8,16,7,29,27,5,Harrisonburg,VA,HarrisonburgVA,133557,9.179419266235044,34,61.6,16,12.030818302297895,29.599999999999998,10.299999999999999,665,4474.2,7,559.81,3,27940,0,4210966,1,244,0
1,6,13,12,17,18,24,35,Naples-Marco Island,FL,Naples-Marco IslandFL,371453,17.203113611480102,50.8,52.5,11.200000000000001,11.184187501514325,36.4,25.4,6794,788.09,9,5163.75,13,4433,0,1690553,3,919,0
4,1,12,19,19,10,35,1,Charlotte-Concord-Gastonia,NC-SC,Charlotte-Concord-GastoniaNC-SC,2545560,50.8533636751529,37.5,67,11.700000000000001,33.13581294489229,35.099999999999994,10.100000000000001,16031,18950.94,66,42352.13,224,121662,1,30593615,23,4815,2797001
5,8,8,16,7,29,16,9,Amarillo,TX,AmarilloTX,263776,7.585948110956564,35.1,64.7,13.8,15.893030450078854,24.4,9.9,-321,2187.12,12,5453,8,24838,0,5484602,5,907,0
1,4,11,6,9,28,9,37,Myrtle Beach-Conway-North Myrtle Beach,SC-NC,Myrtle Beach-Conway-North Myrtle BeachSC-NC,463987,79.65400147908947,48.1,54.300000000000004,14.099999999999998,18.02097903605058,25.5,5.5,6554,3238.99,12,5471.45,27,24435,0,8635705,6,961,0
1,6,13,12,17,18,24,35,Port St. Lucie,FL,Port St. LucieFL,472012,14.017793087122365,47.8,53.300000000000004,12.2,21.8820707948103,26,14.499999999999998,4967,1714.35,9,6934.97,16,24883,0,3389823,4,1086,0
1,2,9,7,20,23,30,40,Hickory-Lenoir-Morganton,NC,Hickory-Lenoir-MorgantonNC,366678,1.1065308204541324,43,59.5,14.899999999999999,16.56112447433443,18.6,5.2,1684,861.98,7,5545.64,12,16154,0,4988281,4,757,0
5,5,3,9,2,14,10,33,Las Cruces,NM,Las CrucesNM,216069,7.1398819854217255,33.1,57.099999999999994,26.400000000000002,12.851913046295396,27.1,17.2,-1269,3629.31,5,2893.79,11,27342,1,10728292,4,395,0
5,3,15,17,15,11,19,12,Chico,CA,ChicoCA,225817,3.284926933016208,37.1,56.39999999999999,19.1,18.43838152132036,27.200000000000003,7.3,-989,3639.05,3,5892.65,6,33072,0,8882551,3,444,0
4,8,8,10,6,1,6,7,Rochester,NY,RochesterNY,1072877,2.1947237473281644,40.2,63.3,13.4,18.956786285846373,35.099999999999994,7.000000000000001,-3473,25591.1299999999,38,34419.91,20,98841,2,24490742,10,3112,0
1,2,9,7,20,19,30,20,Niles,MI,NilesMI,154133,-1.970972829958273,42.1,61.3,16.1,21.293298644677,27.800000000000004,5.6000000000000005,356,1539.51,4,3102.44,5,9052,0,1474871,2,344,0
5,2,15,17,15,11,19,21,Lakeland-Winter Haven,FL,Lakeland-Winter HavenFL,686218,16.2852727260403,40.2,55.2,15.8,22.933674138539065,20.200000000000003,10,7098,3160.6,16,8438.01,18,34954,0,9228903,5,1617,0
5,3,7,3,24,6,15,38,Greenville,NC,GreenvilleNC,178433,-2.250988813533328,32.5,63.6,22.900000000000002,42.786928426916546,32.7,4.8,1298,7338.13999999999,5,1776.24,5,44460,1,11086249,1,974,0
1,2,8,16,7,7,27,9,Wenatchee,WA,WenatcheeWA,118252,9.335675650686515,38.9,62.2,11.700000000000001,23.54886175286676,23.9,13.700000000000001,-24,625.78,5,3909.74,9,5302,0,870908,4,408,0
4,1,12,19,19,10,22,24,Kansas City,MO-KS,Kansas CityMO-KS,2124518,6.240879964074941,37.4,68.2,10.5,21.747897640782522,37.1,6.9,1472,16000.76,78,58271.69,112,132571,1,18030546,39,6619,7816833
4,7,4,18,13,27,20,4,Santa Cruz-Watsonville,CA,Santa Cruz-WatsonvilleCA,273962,6.641079637681435,37.8,63.800000000000004,13.100000000000001,25.221016053321264,40.8,17.8,-494,4385.08,4,2314.84,6,37951,1,6729781,3,359,0
4,8,14,10,6,1,6,7,Worcester,MA-CT,WorcesterMA-CT,941338,18.877572282804312,40.3,66.10000000000001,10.299999999999999,15.634235524328139,34.9,11.200000000000001,-5347,13649.82,51,22639.71,61,67540,2,13177529,11,1778,0
1,2,10,7,22,19,30,26,Roanoke,VA,RoanokeVA,313009,2.6275840587550725,42.8,61,12.9,19.147372759249734,27.700000000000003,4.7,-1371,2163.34,13,11020.23,13,17387,0,4370418,3,1179,0
1,2,10,4,3,8,1,29,Staunton,VA,StauntonVA,121651,0,43.7,59.9,10.7,11.275698514603251,25.6,3,433,934.72,5,2993.38,6,7893,0,2332292,1,209,0
1,2,10,4,3,8,1,29,Jefferson City,MO,Jefferson CityMO,151273,2.369190374360497,38.7,61.5,10.299999999999999,11.005268620308978,27.700000000000003,2.3,-233,1334.6,5,2928.2,5,8581,0,3423758,3,243,0
4,8,2,1,18,26,14,18,Kalamazoo-Portage,MI,Kalamazoo-PortageMI,262745,-18.8635430208967,34.4,66.8,14.899999999999999,19.23119374298274,38.800000000000004,5.2,-984,6669,9,6734.84999999999,13,38739,1,7070068,4,807,0
4,8,8,16,7,24,16,5,Waterloo-Cedar Falls,IA,Waterloo-Cedar FallsIA,169556,2.241946960286545,36.3,67.5,13.8,13.42329377904645,29.2,5.3,-115,4957.79,20,4009.71,14,22590,0,3775860,6,560,0
1,8,10,4,22,24,17,39,Bremerton-Silverdale-Port Orchard,WA,Bremerton-Silverdale-Port OrchardWA,265882,7.498301905100746,39.1,62.3,8.7,19.131419200998938,33.2,6.5,1991,1666.04,17,2143,4,9815,0,393919,1,232,0
1,2,9,7,20,23,30,40,Canton-Massillon,OH,Canton-MassillonOH,399736,-1.3810832547972773,42.3,62.4,13.5,11.473572557888206,22.1,2,-982,3652.64999999999,8,7234.05999999999,8,30991,0,6076994,5,1118,0
1,2,9,8,10,25,3,32,Kingsport-Bristol,TN-VA,Kingsport-BristolTN-VA,306546,-0.35463874631465053,45.3,53.6,16.6,4.985548661538562,21,1.4000000000000001,159,2122.06999999999,9,5128.29,12,14700,0,5493958,8,989,0
1,2,9,7,20,23,3,40,Terre Haute,IN,Terre HauteIN,186908,8.625759882835649,38.6,57.99999999999999,16.6,9.353799730348621,20.200000000000003,2.1,104,4168.15,4,3525.55,8,18941,0,6251355,5,512,0
5,3,15,17,15,11,19,21,Fort Smith,AR-OK,Fort SmithAR-OK,249777,-15.179741780370692,38.7,56.89999999999999,19,22.94887039239001,18.099999999999998,5.8999999999999995,1205,1353.59,7,4095.26,14,10357,0,3942193,9,849,0
1,2,8,10,6,19,31,3,Knoxville,TN,KnoxvilleTN,853337,24.513850890440448,40.4,60.3,14.6,10.720032062362232,29.7,4.1000000000000005,3506,9538.3,27,15752.26,50,65110,1,18194842,11,2454,0
1,2,10,4,3,8,1,29,Chambersburg-Waynesboro,PA,Chambersburg-WaynesboroPA,154147,0,41.6,63,9.3,7.575236624780242,21.6,3.8,-157,568.579999999999,3,1662.37,3,3458,0,659885,2,342,0
1,2,10,4,3,8,1,29,Gettysburg,PA,GettysburgPA,102470,0,43.9,63,7.8,7.252854493998244,22.3,4.1000000000000005,181,1257.79,2,823.8,1,3043,0,677973,1,76,0
4,8,10,4,4,24,17,39,California-Lexington Park,MD,California-Lexington ParkMD,112290,0,36.7,66.9,8.1,21.96544661145249,31.900000000000002,5.1,-877,675.28,4,1217.87,4,1810,0,521177,1,96,0
4,8,2,1,18,26,18,18,Columbia,MO,ColumbiaMO,205369,22.10753506513583,32.1,65.9,17.2,17.652128607530834,42.699999999999996,6.1,-841,5101.04,4,11195.5,10,51674,1,6716776,4,966,0
4,8,10,20,4,24,17,39,Portland-South Portland,ME,Portland-South PortlandME,532075,3.6902281837864592,43.7,67.80000000000001,8.5,6.547949067330733,41,4.8,1262,6262.99,35,12739.78,14,42519,1,7415788,7,1321,13985224
5,3,7,6,9,28,9,37,Jackson,TN,JacksonTN,178442,56.29362973084233,39.1,57.3,17.5,32.02609251185259,21.7,2.6,-381,974.6,6,4746.18,5,15234,0,7868086,2,660,0
4,8,14,20,18,26,32,8,Burlington-South Burlington,VT,Burlington-South BurlingtonVT,218784,4.490856381429076,37.8,69.1,11.1,8.656940178440836,44.5,7.3999999999999995,-948,5044.98,16,6180.18,3,24816,1,3017437,2,546,0
4,1,12,19,19,10,35,34,Portland-Vancouver-Hillsboro,OR-WA,Portland-Vancouver-HillsboroOR-WA,2445761,12.66629230408498,38.1,66.9,10.6,18.875352088777277,39.800000000000004,12.6,10232,20925.29,180,36151.4,43,171326,1,22408473,19,4208,3511258
1,2,10,4,22,2,26,6,Pittsfield,MA,PittsfieldMA,126425,-3.8797822516878577,47.1,62.4,10.9,9.44433458572276,33.6,6.1,-79,3090.84,7,654.81,4,7410,0,1862246,2,300,0
5,3,8,6,9,28,31,3,Winston-Salem,NC,Winston-SalemNC,666216,42.07394833255851,40.6,60.3,16,24.240186365983405,26.6,6.800000000000001,1610,9183.93999999999,21,23129.58,19,34926,1,8413173,7,1815,0
5,3,7,3,24,6,5,22,Mobile,AL,MobileAL,430655,5.392540746904206,38.1,56.39999999999999,18.9,41.09275406067502,22.8,3.1,-784,4842.37,16,9060.26,39,26344,1,8980267,7,1511,0
1,2,8,7,22,19,30,26,Chattanooga,TN-GA,ChattanoogaTN-GA,556209,7.316588460469853,40.4,60.699999999999996,13.200000000000001,18.54051264902222,27,4,1431,3198.99,13,8806.92,23,29355,0,10241593,6,1857,0
1,2,10,4,22,19,26,20,San Luis Obispo-Paso Robles,CA,San Luis Obispo-Paso RoblesCA,282165,6.246022810710272,39.2,58.5,12.5,14.545390108624387,35.4,10.100000000000001,58,5556.41,3,4287.43,8,40759,0,4544866,4,350,0
4,8,14,20,4,17,13,16,Grand Rapids-Kentwood,MI,Grand Rapids-KentwoodMI,1062392,37.50493450216859,35.8,67.60000000000001,11,16.0968832596631,32.7,6.800000000000001,533,8503.52,22,32544.98,37,74083,0,13161936,13,2497,0
5,3,15,3,24,6,5,22,Goldsboro,NC,GoldsboroNC,123603,2.915022231103559,37.8,60.3,20.200000000000003,36.311416389569835,19,7.5,-237,1071.46,5,1838.96,2,8240,0,1518902,1,274,0
4,1,12,19,19,10,35,34,Salt Lake City,UT,Salt Lake CityUT,1201043,10.101774032679156,32.7,71.39999999999999,9,20.321004327072387,35,12.4,999,20782.09,118,30063.02,59,284432,1,47107421,16,2717,0
1,2,9,8,10,25,3,32,Wheeling,WV-OH,WheelingWV-OH,141475,-4.636882052388202,44.5,55.00000000000001,12.9,5.953702067503093,21.4,1.3,-374,1203.17999999999,11,4103.46,11,10102,0,3115847,4,510,0
4,8,14,1,18,26,32,8,Fort Collins,CO,Fort CollinsCO,344786,18.41723851326753,36,67.4,11.600000000000001,8.651453365275852,47.3,5.6000000000000005,-392,7082.19,12,10516.0399999999,8,38940,1,6144787,5,700,0
4,7,4,18,13,27,20,4,Santa Rosa-Petaluma,CA,Santa Rosa-PetalumaCA,499772,5.4266771016376,42.1,65.2,9.2,25.23250602274637,35.5,16.400000000000002,-1441,4213.44,11,5429.95,11,40380,0,4724766,8,826,0
1,2,9,7,20,23,19,40,Battle Creek,MI,Battle CreekMI,134212,-2.115059221658211,39.8,59.9,16.400000000000002,18.703245611420737,21,4.2,-330,670.87,3,4165.85,6,9108,0,1572159,3,301,0
1,2,10,4,3,8,1,29,Glens Falls,NY,Glens FallsNY,125892,-2.2539694863931037,45.5,60.699999999999996,10.299999999999999,5.364915959711499,26.1,3,110,222.36,2,2093.27,2,5563,0,2499926,1,334,0
1,8,10,4,22,24,17,39,Bend,OR,BendOR,186251,20.49777444231664,42.4,63.1,10.8,6.784393103929644,35.4,4.6,604,493.2,15,3639.99,2,10157,0,1773806,2,341,0
5,8,2,14,1,9,11,27,Bloomington,IN,BloomingtonIN,167296,0.35391647571172413,31.1,61.6,22.400000000000002,12.563958492731448,40.8,7.3,-293,11591.27,3,2617.72,6,46561,1,7758343,1,290,0
1,2,9,8,20,23,3,40,Mansfield,OH,MansfieldOH,121100,-3.8736307350373034,41.1,56.49999999999999,13.5,13.308835672997525,18.3,1.7000000000000002,199,671.91,5,1424.2,5,5622,0,2244186,3,300,0
4,8,8,10,6,1,6,7,Wichita,KS,WichitaKS,637690,4.6451902990401805,36,66.3,13,19.109441891828318,30.599999999999998,7.3999999999999995,-591,6830.66,31,11011.42,41,49678,1,11057067,16,1804,0
5,8,8,11,12,29,25,28,Jacksonville,NC,JacksonvilleNC,195069,15.284237649742627,26.4,70.7,13.200000000000001,25.27874752010827,22.900000000000002,4.2,-347,1017.19,4,1413.15,4,6682,0,1584318,1,149,0
4,3,8,10,6,30,6,25,Tulsa,OK,TulsaOK,990544,7.976851140274288,37,63.9,14.299999999999999,28.771563908317045,27.700000000000003,6.6000000000000005,489,7208.51,35,19931,49,54006,1,19597217,26,3164,0
5,3,15,17,15,11,19,21,Beaumont-Port Arthur,TX,Beaumont-Port ArthurTX,395174,2.753891877696102,36.9,56.99999999999999,15.9,30.74746820387981,18.4,8.7,1129,3800.75,10,4536.07,14,29947,0,6501011,9,1032,0
4,8,14,6,9,28,31,3,Crestview-Fort Walton Beach-Destin,FL,Crestview-Fort Walton Beach-DestinFL,272056,49.41892396581646,38.6,62.3,11.5,19.649263386949745,30.4,6.6000000000000005,1217,612.73,6,2853.11,25,8506,0,2115965,5,558,0
5,8,2,14,1,9,11,18,Lafayette-West Lafayette,IN,Lafayette-West LafayetteIN,228541,15.66425426387974,30,64.1,17.4,16.054012190372845,34.5,10.4,-1058,11037.23,4,4998.55,9,47941,1,6515253,4,451,0
4,7,4,18,13,27,29,4,Vallejo,CA,VallejoCA,441829,7.752132708356707,38.1,63.2,9.5,47.39209060518888,26.900000000000002,20.1,-1177,2818.82,9,5437.33,11,17426,0,2745824,4,688,0
4,8,10,4,6,1,6,7,Allentown-Bethlehem-Easton,PA-NJ,Allentown-Bethlehem-EastonPA-NJ,837610,3.1505110051759377,41.4,64.2,10.4,16.02058237127064,29.5,9.3,905,8530.31,25,20937.32,20,55609,1,13304495,12,2668,0
4,8,10,4,22,24,17,39,Olympia-Lacey-Tumwater,WA,Olympia-Lacey-TumwaterWA,279711,14.841334685481788,39,62.5,10.4,18.504456385340585,35.699999999999996,8.1,587,2632.51,19,3915.31999999999,13,13326,0,2069900,2,401,0
4,8,14,20,18,17,32,8,Madison,WI,MadisonWI,653725,17.20879112998077,36.2,71.8,10.299999999999999,13.987227045011283,46.1,7.6,-1285,11600.46,21,25299.84,17,76010,1,6227006,11,1667,0
1,2,10,4,3,8,1,29,Sheboygan,WI,SheboyganWI,115178,-0.13006381798001954,41.5,66.5,7.199999999999999,11.246939519699943,25.1,5.6000000000000005,34,403.38,4,393.81,2,3098,0,549739,2,173,0
5,3,7,6,12,28,34,28,Warner Robins,GA,Warner RobinsGA,180652,33.935349940688006,35.7,64.60000000000001,15.1,41.36627327679738,27.200000000000003,5.7,914,1406.63,6,2009.44,8,15206,0,3910892,4,358,0
1,2,9,8,10,25,3,32,Morristown,TN,MorristownTN,140912,4.475221685103348,42.6,55.900000000000006,15.9,7.473458612467356,15.7,4.1000000000000005,62,573.19,4,1051.31,3,12245,0,6465781,2,173,0
1,2,9,7,20,23,30,40,Albany-Lebanon,OR,Albany-LebanonOR,125048,0,39.6,58.699999999999996,13.3,10.40560424796878,19.3,4.3999999999999995,-57,126.56,6,1279.15,3,10347,0,1398014,2,95,0
4,8,8,16,7,29,16,5,Fort Wayne,IN,Fort WayneIN,406305,-1.3983162932241555,36.4,66.8,13,19.59660845916245,27.800000000000004,6.3,222,4107.71,9,15692.19,12,25364,0,6073141,9,1658,0
4,8,2,1,18,26,18,18,Lawrence,KS,LawrenceKS,120290,10.305175512599485,29.8,71,18,17.589159531133095,49.6,7.1,-1106,9646.01,8,292.02,1,35484,1,4784659,1,142,0
5,3,8,11,12,29,34,28,Killeen-Temple,TX,Killeen-TempleTX,444716,14.485336518658865,31.6,63.6,13.600000000000001,33.910855467309474,23.3,7.9,1001,3779.22,25,13783.59,15,42705,0,5470078,6,1012,0
5,3,7,3,24,6,5,22,Rocky Mount,NC,Rocky MountNC,146678,-2.63592854914404,41.7,59.199999999999996,18.2,52.48844407477604,18.2,3.4000000000000004,212,378.31,5,825.079999999999,5,9872,0,2732006,3,350,0
4,7,4,18,13,27,20,4,Santa Maria-Santa Barbara,CA,Santa Maria-Santa BarbaraCA,444829,6.916940471240296,33.8,64.1,13.5,22.492013785072466,34.2,23,-613,8558.04,15,6124.82,10,69966,1,13067724,5,887,0
4,8,14,1,18,26,18,18,Provo-Orem,UT,Provo-OremUT,616791,24.37258278519605,24.8,69.1,10.7,8.311405322062091,40.300000000000004,7.3,-1118,18328.07,16,6783.79,16,91610,1,9436651,7,771,0
5,7,4,5,8,27,29,15,Salinas,CA,SalinasCA,433410,6.375250039883662,34.4,61.1,13.100000000000001,46.70358321220092,24.7,29.799999999999997,-1073,4242.19,5,3886.47999999999,6,45983,0,7127315,4,748,0
5,3,2,14,1,9,15,38,Tallahassee,FL,TallahasseeFL,382197,6.050650543437541,33.8,61.9,20,39.3901574319003,38.4,6.1,-704,7746.29,12,6917.46,13,77152,2,22081685,4,798,0
4,8,2,1,18,26,14,18,Bloomington,IL,BloomingtonIL,172578,-8.815774874116967,33.1,65.7,14.899999999999999,16.717078654289654,44.800000000000004,6.6000000000000005,-1989,5052.97,5,2875.63,6,33503,1,8051023,3,377,0
5,5,3,5,8,22,27,15,Modesto,CA,ModestoCA,543194,6.575080148013868,34.1,61,15.1,23.432328044860583,17.1,20.3,-1500,4131.55,9,6773.15,16,37920,0,9400050,6,1098,0
1,2,10,4,3,7,30,26,Racine,WI,RacineWI,195602,0.4447046257497256,40.2,63.800000000000004,12.4,19.120970133229722,25.2,4.7,-125,192.92,6,2671.08,4,157,0,87970,2,316,0
1,2,9,7,20,23,30,40,Cleveland,TN,ClevelandTN,122563,7.622802550007912,40.3,60.199999999999996,15.9,9.302970717100594,20.8,5.2,-255,685.85,4,896.26,2,11002,0,3416777,1,183,0
5,5,3,9,2,14,10,33,McAllen-Edinburg-Mission,TX,McAllen-Edinburg-MissionTX,855176,16.038986502897657,29.2,58.4,29.7,13.732494831473288,18.7,26.8,555,5737.73,29,10255.93,25,83692,1,36173344,8,2181,0
5,3,7,3,24,6,34,22,Montgomery,AL,MontgomeryAL,373544,0.8068999390102416,37.4,59.4,17.299999999999997,49.83375452423275,30,3.6999999999999997,1172,3994.97,27,6064.85,12,22278,0,9697796,8,1069,0
5,5,3,5,8,15,10,15,Yuma,AZ,YumaAZ,209468,9.941950180027925,34.6,54.50000000000001,19.400000000000002,23.680944106020966,15,26.3,1771,655.39,3,2272.18,6,11781,0,2452265,2,447,0
5,3,2,14,1,9,11,38,Gainesville,FL,GainesvilleFL,323799,24.094201509983513,33.7,57.8,21,27.55196896840324,37,9.4,-1195,7151.34,11,17544.309999999998,12,83750,1,11750045,4,1551,0
5,3,7,3,24,6,15,38,Tuscaloosa,AL,TuscaloosaAL,250681,17.275466190106382,34.4,57.099999999999994,19.2,39.40506061488505,27.400000000000002,3.4000000000000004,398,8049.48,12,6673.27,10,50478,1,8565829,4,831,0
1,2,10,4,22,2,26,6,Daphne-Fairhope-Foley,AL,Daphne-Fairhope-FoleyAL,212830,0,43,57.699999999999996,10.4,13.794577832072546,31.900000000000002,3.6999999999999997,934,1764.99,11,2233.46,15,48630,0,4703564,3,298,0
4,1,12,10,19,10,22,24,Cincinnati,OH-KY-IN,CincinnatiOH-KY-IN,2201741,4.328235716675244,37.9,65.9,12.2,18.241927638173607,33.6,4.8,-630,20163.11,64,56486.53,64,142648,2,25869744,29,5629,149617325
4,8,2,1,18,26,18,18,Iowa City,IA,Iowa CityIA,170677,14.841205759655507,31.3,71.1,17,16.537670570727165,48.3,10.9,-1447,8972.05,24,13232.43,7,35468,1,4145521,3,1064,0
5,5,3,9,2,15,10,15,Visalia,CA,VisaliaCA,461898,7.567232722564299,31,59.099999999999994,23.799999999999997,26.29065291471277,14.6,21.8,-778,2344.3,7,1573.76,8,33575,0,19044867,2,595,0
4,8,14,20,4,17,13,16,Ogden-Clearfield,UT,Ogden-ClearfieldUT,662875,25.927537167976844,31.8,68.5,7.3999999999999995,9.854195738261362,31.4,5.4,417,5760.73,19,6636.79,18,46682,0,4834488,9,1090,0
4,7,4,10,6,1,6,7,Hartford-East Hartford-Middletown,CT,Hartford-East Hartford-MiddletownCT,1207677,0.3201467325345986,40.8,66,9.9,24.832798836112634,39.1,13.3,-7503,18033.47,55,24172.51,37,102180,1,23709380,11,2615,2396990
1,2,8,7,20,23,30,5,Joplin,MO,JoplinMO,178100,3.192537226954051,37,62.9,15.9,9.640651319483435,22.400000000000002,4,177,1253.52,4,3939.16,14,14120,0,4979360,5,695,0
5,3,7,3,24,6,5,22,Farmington,NM,FarmingtonNM,126515,-0.785777582596825,35.4,56.699999999999996,21,47.70580563569537,14.899999999999999,2.8000000000000003,-200,818.67,5,2595.2799999999997,8,9717,0,1823684,1,198,0
5,8,8,11,7,22,25,9,Odessa,TX,OdessaTX,160579,20.722474908844866,30.4,68.30000000000001,11.899999999999999,19.54240591858213,15.4,13.900000000000002,663,1313.5,3,2075.95,4,17328,0,2354125,4,620,0
1,2,9,7,20,19,30,20,Erie,PA,EriePA,273835,-1.9335037996805582,39.7,60.5,16,13.53223656581518,27.900000000000002,4.3999999999999995,-2278,3507.23,9,6171.42,7,24605,0,4893107,6,976,0
1,2,15,17,15,11,19,12,Carbondale-Marion,IL,Carbondale-MarionIL,137573,0,37.9,54.800000000000004,18.9,15.64987315825053,27.200000000000003,3.5000000000000004,-1308,4321.43,2,4044.46,8,26294,1,2951988,4,398,0
4,8,10,4,4,24,17,39,Appleton,WI,AppletonWI,235628,5.967377079407621,38.8,70.7,7.3999999999999995,9.21070500959139,29.599999999999998,3.4000000000000004,-60,758.88,3,1847.94,6,19958,0,1043765,3,362,0
5,3,8,16,12,7,27,26,Burlington,NC,BurlingtonNC,163324,11.050369886858146,39.1,62.7,16.1,30.228870221155496,24.8,7.9,878,1864.04,5,1584.51,3,12810,0,1753507,1,329,0
1,2,10,4,22,2,26,20,Kingston,NY,KingstonNY,178665,-2.25240997472399,44,61,13.8,15.483726527299696,32.5,7.8,-555,890.24,3,1980.17,6,13493,0,3568176,3,280,0
4,1,12,10,6,1,6,7,Milwaukee-Waukesha,WI,Milwaukee-WaukeshaWI,1575223,2.2940495370794345,37.8,66.5,13.3,27.456303012335397,35.6,7.3999999999999995,-3550,21113.67,43,44323.55,44,107872,2,16838082,22,3699,0
4,8,14,10,6,1,7,7,Lexington-Fayette,KY,Lexington-FayetteKY,510647,11.06792442160165,36.1,66.4,15.8,19.32352486159715,37.3,7.5,265,9676.82,40,21707.32,19,54442,1,11818465,11,2342,0
1,6,13,12,17,18,24,35,Sebastian-Vero Beach,FL,Sebastian-Vero BeachFL,153989,13.629923700172665,53.5,47.699999999999996,11.4,13.563306469942656,29.099999999999998,9.9,2447,22.57,3,2831.79,10,129,0,89438,3,454,0
5,2,8,16,7,22,27,9,Gainesville,GA,GainesvilleGA,198667,13.523351295135466,36.7,63.1,13.900000000000002,14.374304741099428,24.5,16.3,1025,986.02,6,2871.3,4,9760,0,1734593,1,887,0
4,8,14,10,6,1,6,7,Albany-Schenectady-Troy,NY,Albany-Schenectady-TroyNY,880736,1.7037305625290156,40,65,10.2,17.346287650328815,37.5,8.200000000000001,-3134,16816.78,29,21906.86,23,130583,2,20721585,8,2301,67214
5,5,3,9,2,14,10,33,Laredo,TX,LaredoTX,273526,13.805097650886644,28.8,59.8,27.500000000000004,4.124653597829822,18.9,25.900000000000002,-140,2870.19,7,2194,5,23176,0,10234723,4,569,0
5,3,15,3,24,6,5,22,Hammond,LA,HammondLA,132057,0,35.3,60.699999999999996,21.4,32.8873138114602,20,2,44,2326.27,6,2729.72,11,17718,0,4892524,8,422,0
5,3,7,3,24,6,5,22,Monroe,LA,MonroeLA,203457,16.289716901867312,36.9,54.50000000000001,24.3,40.75701499579763,22,1.7000000000000002,-1066,2014.07,7,4204.84,18,17136,0,6306545,12,982,0
5,3,15,17,15,11,19,21,Houma-Thibodaux,LA,Houma-ThibodauxLA,210162,1.7442958186280944,36.7,58.599999999999994,18.3,25.667342335912295,16.2,3.2,54,1390.67,5,3968.27999999999,20,11743,0,6436213,7,579,0
4,8,14,11,4,24,16,39,St. Cloud,MN,St. CloudMN,198581,6.7209458551659385,34.9,71.8,12.4,11.459303760178466,26.6,6.2,-262,4370.81,5,8302.64,7,33267,0,4985680,4,717,0
4,7,4,18,13,27,20,4,Trenton-Princeton,NJ,Trenton-PrincetonNJ,367922,0.9540534236990528,38.8,64.4,11.600000000000001,37.070085507254255,42.6,22.900000000000002,-3045,12295.46,7,8855.01,16,50115,1,7032119,5,761,0
4,8,2,1,18,5,8,8,Ann Arbor,MI,Ann ArborMI,367000,6.702486138852781,33.6,64.60000000000001,14.000000000000002,26.431062670299728,55.900000000000006,12.5,-1868,17654.8899999999,14,35084.5,12,93222,2,13152489,5,1669,0
4,8,2,1,18,26,18,18,Logan,UT-ID,LoganUT-ID,137629,15.098473761237718,25.7,68.60000000000001,14.899999999999999,8.8251749267959525,36,6.1,-535,4999.19,5,1857.07,7,35584,1,5041896,3,175,0
1,2,9,8,10,25,3,32,Weirton-Steubenville,WV-OH,Weirton-SteubenvilleWV-OH,118213,-5.505951191437319,45.7,55.300000000000004,15.8,6.873186536167765,16.8,1.3,294,748.6,5,1822.1,4,31038,0,2650847,4,526,0
5,3,7,3,24,6,34,22,Augusta-Richmond County,GA-SC,Augusta-Richmond CountyGA-SC,599616,10.187070454628987,37.6,59.4,16.400000000000002,41.75172110150496,25.7,4.7,673,2751.35999999999,10,21161.57,23,25248,0,8921141,9,1846,0
5,5,3,9,2,15,10,15,El Centro,CA,El CentroCA,180701,7.526836931425995,32.4,52.400000000000006,24.099999999999998,34.888019435420944,15.2,30.7,-666,1083.05,2,691.64,5,11025,0,5346460,2,268,0
1,2,10,4,3,8,1,29,Lewiston-Auburn,ME,Lewiston-AuburnME,107602,-0.25954283383696763,41,65.5,11.799999999999999,8.564896563260906,22.8,3.5000000000000004,33,1385.61,5,3311.23,3,5944,0,1872641,2,540,0
1,2,10,7,3,8,16,29,Janesville-Beloit,WI,Janesville-BeloitWI,162152,1.3678077567452762,39.5,65.60000000000001,12.8,12.945877941684344,22.1,4.6,126,845.829999999999,7,4962.55,6,4323,0,1154774,3,243,0
4,8,2,14,1,9,8,27,Champaign-Urbana,IL,Champaign-UrbanaIL,226323,-1.0341600783600358,30.9,62.3,18.9,26.329184395752975,43.6,11.4,-1915,14313.869999999999,5,4481.5,6,66492,1,10987528,4,720,0
3,1,12,19,23,10,35,14,Tampa-St. Petersburg-Clearwater,FL,Tampa-St. Petersburg-ClearwaterFL,3097859,12.840220736882358,42.1,59.9,13.5,22.231289416335603,30.4,13.900000000000002,23118,22477.36,84,61996.06,186,234773,1,179176753,34,8952,0
4,8,10,4,4,24,17,39,Green Bay,WI,Green BayWI,319401,5.498175092071156,38.8,68.5,9.6,12.946421582900491,27.800000000000004,5.1,-96,3872.02,10,9846.73,10,29359,0,3535421,6,702,822707
1,6,13,12,17,18,24,35,Cape Coral-Fort Myers,FL,Cape Coral-Fort MyersFL,737468,21.661263847302294,48.5,52.6,13.100000000000001,15.616813204098348,28.199999999999996,16.7,13383,3590.64,21,10548.19,16,44272,0,13733262,4,1649,0
4,8,14,11,7,17,7,16,Fayetteville-Springdale-Rogers,AR,Fayetteville-Springdale-RogersAR,514259,15.401480164981397,34,64.7,12.8,16.931740620971144,32.7,11.1,1624,7205.96999999999,13,7847.55,16,46188,1,9366010,9,1144,0
5,3,15,17,15,11,19,21,Pueblo,CO,PuebloCO,165982,6.232559330278287,39.3,56.10000000000001,18.9,19.57139930835874,21.8,3,28,2329.69,6,3105.06,5,23245,0,2717047,2,383,0
1,2,10,4,3,8,1,29,Lebanon,PA,LebanonPA,139729,6.38642921859891,41,64.5,10.8,13.400224720709373,20.7,4.3999999999999995,64,580.91,2,3421.83,5,2575,0,879100,1,159,0
4,1,12,10,19,10,22,24,Cleveland-Elyria,OH,Cleveland-ElyriaOH,2056898,-1.4229443364265792,41.3,63.5,14.299999999999999,26.596262916294343,31.2,6,-3174,20885.47,52,75535.01,52,119313,2,24908395,31,7853,0
1,2,9,7,20,19,30,20,Scranton--Wilkes-Barre,PA,Scranton--Wilkes-BarrePA,555642,-0.97502642070314,42.7,60.9,14.499999999999998,10.603950025376053,24.8,6,505,7159.21,25,10704.48,17,41293,0,10403766,10,1651,0
4,1,12,10,16,30,6,25,Oklahoma City,OK,Oklahoma CityOK,1382841,13.448052374232923,35.2,65.2,13.900000000000002,26.33599958346621,30.5,7.9,-710,16423.1299999999,55,28617.67,52,120856,1,23399493,31,4541,0
1,2,9,8,20,23,3,40,Bay City,MI,Bay CityMI,104104,-3.746440326935163,43.4,58.8,15.8,5.31775916391301,19.3,1.4000000000000001,-12,2170.1,2,1912.64,6,11105,0,2942525,2,364,0
1,2,9,8,10,25,3,32,Johnson City,TN,Johnson CityTN,202049,3.2257899711344518,42.3,56.599999999999994,17.5,6.9517790239001425,26,3.2,660,2988.54,7,5521.96,10,18851,1,6619469,5,842,0
4,8,10,4,4,24,17,39,La Crosse-Onalaska,WI-MN,La Crosse-OnalaskaWI-MN,136542,3.4056571623310328,37.2,67.2,12.2,8.260461982393695,33.4,2.8000000000000003,-187,3441.72999999999,4,8237.27,3,20796,0,3593613,2,393,0
4,8,14,20,4,24,17,39,Manchester-Nashua,NH,Manchester-NashuaNH,413035,3.3737533005468556,40.7,70.1,7.8,10.56593266914426,38.1,9.700000000000001,2808,5863.44,23,10589.99,16,16622,0,2467443,5,852,0
5,2,8,16,7,7,27,9,Salem,OR,SalemOR,422678,10.175972724358061,36.6,61.3,13.900000000000002,17.397167583834502,24.9,11.600000000000001,1624,2942.69,26,6140.62,6,27437,0,6625253,4,568,0
1,2,10,7,20,19,30,20,Grand Junction,CO,Grand JunctionCO,151218,6.278991313148352,39.7,62.2,14.2,5.988043751405256,28.199999999999996,4.1000000000000005,1201,1975.11,4,4789.66,11,12412,0,4892241,3,378,0
5,4,11,6,9,28,9,37,Lafayette,LA,LafayetteLA,489914,83.28108282018091,36,62.1,19.1,29.448229689292404,23.400000000000002,3.3000000000000003,-962,3422.99,8,8765.11999999999,48,35066,1,14957231,14,1316,0
1,2,9,8,10,25,3,32,Charleston,WV,CharlestonWV,264113,-13.130153634638342,43.4,52.2,18.5,8.568302203980872,21.5,1.5,-1241,1568.12,17,8950.38,12,11391,0,3556758,7,1213,0
1,2,10,7,20,7,30,26,Sherman-Denison,TX,Sherman-DenisonTX,131014,9.99319962052203,39.9,62,13.100000000000001,13.500847237699787,20.4,6.3,77,512.56,2,3268.2,9,6926,0,2475653,5,592,0
4,8,14,10,6,30,7,25,Charleston-North Charleston,SC,Charleston-North CharlestonSC,774508,20.653030704282394,37.2,65.2,12.9,32.365579180589485,35.6,5.4,3794,6958.76999999999,20,16439.05,44,45772,0,9852710,9,2048,0
5,8,8,6,9,28,31,3,Bowling Green,KY,Bowling GreenKY,174498,43.194295139544224,35.1,62.7,17.299999999999997,14.522229481140183,26.900000000000002,7.1,245,2896.41,5,3925.09,7,30241,0,7087728,4,680,0
5,3,15,17,15,11,19,21,Anniston-Oxford,AL,Anniston-OxfordAL,114618,-2.160496461770911,39.6,56.699999999999996,17.9,26.33007032054302,18.5,2.7,-265,1396.62,5,1766.77,4,9766,0,2603156,3,244,0
5,3,7,6,9,28,34,28,Fayetteville,NC,FayettevilleNC,519101,45.356768835299974,32.3,63.1,17.9,46.236088930670526,23.7,6.2,120,5779.53,8,10571.43,19,30034,0,9361071,3,754,0
4,8,8,16,22,19,27,5,Bellingham,WA,BellinghamWA,220821,12.667799360181231,37.3,62.4,14.099999999999998,16.671874504689317,34.300000000000004,10.100000000000001,957,3383.95,11,2729.05,2,27960,0,3963151,1,255,0
1,6,13,12,10,18,33,30,Ocala,FL,OcalaFL,353526,8.167167942037668,48.7,46.5,16.1,18.09343584347403,20.1,7.6,4092,971.65,10,4181.53,10,25920,0,4785288,4,718,0
4,8,8,10,6,1,6,7,Syracuse,NY,SyracuseNY,652416,-0.9706881032648162,39.6,61.9,14.2,15.88158475573867,31.8,6.3,-4665,11657.32,17,16036.04,17,78881,2,18934852,6,1943,0
1,2,8,7,20,19,30,5,Springfield,MO,SpringfieldMO,462434,8.154998292661242,36.8,60.9,15.2,8.034660081222402,27.6,2.5,-684,6378.53,16,17234.72,16,58259,0,15097156,5,1514,0
4,8,14,20,4,17,13,16,Sioux Falls,SD,Sioux FallsSD,259348,17.30161242904633,35.2,74.3,8.7,11.72131653222697,33.5,6.2,-287,2409.31,33,15362.1,13,8087,0,1781330,8,1226,4275629
4,8,14,20,4,17,13,39,Rochester,MN,RochesterMN,217964,19.225888324873086,38.4,70.5,8.3,12.645207465453009,38.7,8.5,219,840.18,6,12614.88,8,8973,0,1881055,4,1583,0
4,7,12,10,16,30,6,25,Richmond,VA,RichmondVA,1269530,2.765579403658025,38.8,66.3,11.200000000000001,38.855797027246304,37.4,7.9,2064,15279.27,53,32629.01,62,79389,1,16123578,16,3603,0
1,6,13,12,21,13,33,30,Homosassa Springs,FL,Homosassa SpringsFL,145169,0,56.5,40,15.7,7.233638035668773,18.3,5.4,2076,315.83,2,1490.91,4,495,0,660098,2,332,0
1,2,9,7,20,23,19,40,Muskegon,MI,MuskegonMI,173297,0.04271950029730576,39.3,59,15.5,19.154399672238988,19.7,1.7999999999999998,-152,419.64,2,4778.97,4,6050,0,1465286,2,397,0
1,2,9,8,20,23,3,40,Altoona,PA,AltoonaPA,123157,-3.0801677802173577,43.4,58.699999999999996,14.7,4.536485948829543,21.3,1.2,-229,807.65,3,3841.72,5,4098,0,482012,4,496,0
4,8,2,14,1,9,8,27,Ithaca,NY,IthacaNY,102642,2.0176519699439455,31.1,59.3,18.9,19.760916583854563,53.5,12.9,-614,13177.5,5,1089.35,1,40138,1,6130181,1,159,0
5,3,15,17,12,11,19,21,Lake Charles,LA,Lake CharlesLA,208549,6.178276497602009,36.3,60.9,17,29.278011402596032,21.9,2.8000000000000003,-108,1684.8,4,5472.54,17,13572,0,5384310,7,761,0
4,8,8,10,6,1,6,7,Dayton-Kettering,OH,Dayton-KetteringOH,803543,-4.705188930976334,39.3,62.4,14.6,21.853839806954948,29.599999999999998,4.5,1265,7848.02,31,21723.03,23,81821,3,15757373,12,2275,0
4,3,8,10,6,30,6,25,Birmingham-Hoover,AL,Birmingham-HooverAL,1085330,-2.703308426379558,38.5,61.3,14.099999999999998,35.62243741534833,31.4,4.2,445,10168.26,34,33014.7499999999,34,66209,1,16023356,18,4634,0
1,2,10,4,22,2,26,6,Asheville,NC,AshevilleNC,454351,9.146575829497738,44.2,59.199999999999996,12.2,9.351360512027044,35.5,5.800000000000001,2680,3493.83999999999,22,12391.9499999999,54,23022,0,5629390,6,1267,0
5,3,8,10,6,30,34,25,Greensboro-High Point,NC,Greensboro-High PointNC,762063,7.462680253038179,38.8,62,16,36.99549774756155,29.5,8.799999999999999,2994,10924.48,29,11640.61,13,66458,2,23506489,6,1616,0
1,2,8,16,7,29,16,9,Elkhart-Goshen,IN,Elkhart-GoshenIN,204558,3.9130324350410195,35.6,65.9,12.4,12.718642145503964,19.8,7.8,-677,845.6,1,3664.22,4,1136,0,321649,2,369,0
4,8,14,1,18,5,32,8,Boulder,CO,BoulderCO,322510,11.142509571744142,36.6,68.60000000000001,11.700000000000001,11.02601469721869,62.1,10.7,3016,8593.55,28,5756.53,12,45825,1,16775806,5,638,0
5,2,8,16,7,29,27,5,Corpus Christi,TX,Corpus ChristiTX,428548,1.1401477873203003,35.5,62.1,16.5,9.577223554887668,20.9,8.3,666,4380.96,26,7375.79,21,32182,1,8510443,6,1172,0
5,2,8,16,7,29,27,5,Wichita Falls,TX,Wichita FallsTX,150715,-0.15766496856637335,35.6,61.5,16.2,18.9768768868394,23,6.2,-454,1389.81,6,2742.3,8,7039,0,2344805,6,441,0
4,8,14,11,13,1,20,4,Reno,NV,RenoNV,460924,10.570455308736747,38.5,66.4,11.200000000000001,22.351407173416877,30.8,14.000000000000002,1175,3464.00999999999,15,8820.71,14,43474,1,8636733,7,1245,0
5,3,8,16,12,7,27,5,Tyler,TX,TylerTX,227449,11.82734902381104,36.6,60.8,15.4,23.213555566302777,26.400000000000002,8.3,836,3390.73,5,7568.76,16,29954,0,9437609,8,1207,0
1,2,9,7,20,19,30,20,Medford,OR,MedfordOR,216574,7.9701077338012905,42.6,57.4,15.5,8.690793908779447,27.800000000000004,6.2,1072,462.59,17,4259.61,5,8277,0,1456143,3,519,0
5,5,3,5,8,22,27,15,Yakima,WA,YakimaWA,249697,5.561380220003209,33,62,17.4,22.74196325947048,16.7,18.7,755,1546.85,7,3560.13,3,9567,0,3005236,3,299,0
5,5,3,9,2,15,10,15,Fresno,CA,FresnoCA,984521,8.328400250872004,32.2,61,22.5,34.99529212683122,21.2,21.2,-555,11251.02,21,17156.7,24,113859,0,31775686,8,1692,0
1,2,10,16,22,19,31,3,St. George,UT,St. GeorgeUT,165811,23.709086568233207,37.1,56.39999999999999,11.799999999999999,9.472833527329309,28.1,5.4,1672,2271.25,4,2074.96,7,13886,0,3841924,1,284,0
5,3,8,16,12,7,34,28,Dover,DE,DoverDE,176699,12.605947055149812,37.7,62,13.5,33.8117363425939,23.7,6.1,1159,3526.74,8,2894.19,4,25924,1,9232873,1,385,0
5,5,3,9,2,14,10,33,Brownsville-Harlingen,TX,Brownsville-HarlingenTX,421666,7.139844397127804,31.7,55.800000000000004,28.9,5.679376568184297,17.299999999999997,23,-669,1293.72,4,4170.74,12,12832,0,7182450,6,1069,0
4,8,14,20,4,17,7,16,Boise City,ID,Boise CityID,710743,18.708432849531498,36.3,64.9,11.899999999999999,12.036136831456659,31.7,6.5,8240,8644.3,34,16735.03,37,64711,1,7354783,9,1399,0
1,2,9,7,3,8,1,29,Monroe,MI,MonroeMI,149727,-2.000863964813071,42.6,60.699999999999996,11.1,5.7684986675749865,20.5,2.4,-449,412.11,2,924.91,5,3910,0,779361,1,100,0
5,3,2,14,1,9,15,38,Auburn-Opelika,AL,Auburn-OpelikaAL,161152,19.363010147396498,31.9,61,19.6,29.657093923749006,35.3,5.6000000000000005,-32,5750.32,5,2429.2,2,32442,1,2854451,1,532,0
4,7,4,18,13,27,20,4,Atlantic City-Hammonton,NJ,Atlantic City-HammontonNJ,266105,-2.5834486495193376,41.7,64.60000000000001,13.3,34.24475301102948,28.1,16.5,-218,1612.23,2,5769.14,5,19998,0,7047168,4,848,0
4,1,12,19,19,10,22,24,Columbus,OH,ColumbusOH,2077761,15.53534103249763,36,67.60000000000001,13.200000000000001,24.667947853482666,36.7,8.200000000000001,-11,22389.12,54,54203.14,92,168175,1,26525218,23,5617,0
4,1,12,19,19,10,35,1,San Antonio-New Braunfels,TX,San Antonio-New BraunfelsTX,2468193,19.94433812716798,34.7,63.9,14.399999999999999,19.321787234628733,28.199999999999996,11.799999999999999,6889,23773.86,54,41096.729999999996,82,187736,1,47258880,24,5865,0
4,8,14,20,4,17,7,16,Colorado Springs,CO,Colorado SpringsCO,723498,16.166914736299564,34.6,67.60000000000001,10,19.917539509438864,38.5,6.9,3998,8299.86,39,6596.3,13,92914,1,14337299,5,1000,0
5,5,3,5,8,22,27,15,Yuba City,CA,Yuba CityCA,172469,4.793413537489366,34.5,58.699999999999996,15.5,27.92385878041851,17.7,18,-194,874.57,7,2430.6,4,9535,0,2059513,2,233,0
4,3,8,10,6,1,6,7,Toledo,OH,ToledoOH,644137,-1.4553660215711806,38.1,64.1,16.3,21.066481198875394,26.8,3.3000000000000003,-538,7974.1,16,18429.39,22,66593,2,13419211,13,2369,0
1,2,10,4,22,2,26,6,Santa Fe,NM,Santa FeNM,149293,5.357016838153306,46.3,58.5,12.8,16.21174468997207,41,12,5,1489.13999999999,25,2145.37,9,8155,0,1166166,2,243,0
5,3,15,17,15,11,19,21,Alexandria,LA,AlexandriaLA,153310,0.547630759140838,37.6,55.2,19.5,34.333050681625465,19,2.7,72,1466.23,7,5633.4,22,10239,0,5248704,6,773,0
4,8,14,20,18,17,13,16,Lincoln,NE,LincolnNE,330329,11.576526062636795,33.7,71.39999999999999,12.2,13.365160188781488,39,7.5,328,8715.73,23,8028.98,25,52737,1,8441231,8,1498,0
4,8,10,4,4,24,17,39,Cedar Rapids,IA,Cedar RapidsIA,270056,6.082782406479925,38.4,68.8,10,10.567067571170425,31,3.8,281,3079.18,27,3547.87,21,24528,0,5799697,4,738,0
4,8,8,10,6,1,6,7,Buffalo-Cheektowaga,NY,Buffalo-CheektowagaNY,1130175,-0.6235128808915413,40.8,62.4,14.099999999999998,20.43099519985843,32.5,6.6000000000000005,-3279,10989.05,30,23595.27,27,105355,1,28944122,10,4202,37844503
4,8,10,4,22,24,17,39,Norwich-New London,CT,Norwich-New LondonCT,267390,-1.8247907181671352,41.4,67,9.4,19.258012640712067,33.300000000000004,8.7,-163,2237.40999999999,11,3862.68,17,9728,0,2230004,2,434,0
1,6,13,12,17,18,24,35,Palm Bay-Melbourne-Titusville,FL,Palm Bay-Melbourne-TitusvilleFL,585507,8.310287226938318,47.3,54.50000000000001,11.799999999999999,17.50995291260395,30.2,8.5,6931,3506.47,17,9743.88,26,32002,1,4595494,8,1496,0
4,1,12,19,19,10,35,34,Denver-Aurora-Lakewood,CO,Denver-Aurora-LakewoodCO,2892066,17.353043217152965,36.5,71.39999999999999,8.799999999999999,18.99960097729443,43.8,12.1,15141,34860.03,148,52498.78,64,237679,3,25676556,26,5574,42625632
4,7,4,10,6,1,6,7,New Haven-Milford,CT,New Haven-MilfordCT,857513,0.0963011037857342,40.3,65.3,11.700000000000001,26.69032422832074,35,12.7,-3407,25905.07,40,21233.82,11,87453,1,18095820,8,2265,0
3,1,12,19,19,10,22,24,Minneapolis-St. Paul-Bloomington,MN-WI,Minneapolis-St. Paul-BloomingtonMN-WI,3573609,10.666110075588819,37.1,71.89999999999999,8.6,21.32731924505451,42,10.7,-2868,39755.17,112,72313.63,102,365496,1,29892400,33,6430,156537
3,1,12,19,23,10,35,34,Seattle-Tacoma-Bellevue,WA,Seattle-Tacoma-BellevueWA,3871323,15.352215033629912,37,68.5,9,31.655121517889363,43,18.7,15927,39033.85,175,75094.7099999999,69,268002,1,26088519,28,6737,92373342
4,1,12,10,16,10,35,1,Sacramento-Roseville-Folsom,CA,Sacramento-Roseville-FolsomCA,2315980,9.913568083405956,37.4,61.8,13.4,34.95315158161987,33.5,18.6,-2299,24408.72,46,31436.96,66,244569,1,44742138,17,3907,0
4,1,12,19,19,10,22,24,Pittsburgh,PA,PittsburghPA,2331447,-1.1392041684034293,43.1,62.9,11.200000000000001,13.421750526604292,34.9,3.9,-5591,39076.31,76,61694.24,68,160601,3,32307684,34,7260,0
3,9,6,2,14,4,28,10,Miami-Fort Lauderdale-Pompano Beach,FL,Miami-Fort Lauderdale-Pompano BeachFL,6090660,11.166373935934581,41,63,14.6,29.79406172730049,32.300000000000004,40.699999999999996,4355,42838.46,176,115922.73,251,466057,4,139846332,53,16323,0
3,1,6,19,23,4,28,14,Phoenix-Mesa-Chandler,AZ,Phoenix-Mesa-ChandlerAZ,4761603,16.685736074655686,36.7,62.8,13.700000000000001,22.16782877530949,31.5,14.299999999999999,43383,41731.64,186,73618.61,177,695055,3,82766856,43,9076,5785915
3,1,12,19,19,10,22,24,St. Louis,MO-IL,St. LouisMO-IL,2805190,0.461302814265907,39.3,65.5,11.3,24.185171057931903,34.4,4.8,-5845,38145.49,71,82756.17,115,213379,3,31091553,43,9018,0
3,1,12,19,19,10,22,24,Detroit-Warren-Dearborn,MI,Detroit-Warren-DearbornMI,4317848,-0.6472651265146734,40,62.5,14.499999999999998,30.648114523716448,31.2,10,-4308,37536.99,62,105980.45,178,213026,2,41196962,43,11054,32254098
4,7,4,18,23,20,2,11,San Jose-Sunnyvale-Santa Clara,CA,San Jose-Sunnyvale-Santa ClaraCA,1987846,10.812157726680827,37.1,67.60000000000001,7.5,54.406075722163585,51.5,38.6,555,35079.44,260,34115.89,24,197846,1,20809665,11,3361,0
3,1,12,19,23,10,35,13,Riverside-San Bernardino-Ontario,CA,Riverside-San Bernardino-OntarioCA,4560470,10.83222289757022,34.5,60.4,14.799999999999999,39.48229020254491,21.7,21.3,-11652,36309.74,87,48857.08,67,296177,1,82743272,38,7666,0
3,9,6,19,23,4,28,10,Atlanta-Sandy Springs-Alpharetta,GA,Atlanta-Sandy Springs-AlpharettaGA,5862424,14.386238898537451,36.4,67.2,12.1,46.58492800930127,38.6,13.8,12504,48224.19,139,93379.4199999999,229,325149,5,80600943,44,10646,1418349
3,1,12,19,19,10,22,24,Baltimore-Columbia-Towson,MD,Baltimore-Columbia-TowsonMD,2796733,4.23280758508624,38.4,66.9,10.100000000000001,39.9186836927229,40.300000000000004,10.4,-10939,44592.66,100,74710.53,150,216854,3,36416075,24,6967,0
3,1,12,19,23,10,35,13,San Diego-Chula Vista-Carlsbad,CA,San Diego-Chula Vista-CarlsbadCA,3316073,9.71408134014984,35.8,66,11.600000000000001,29.26371041892021,38.800000000000004,23.400000000000002,-10320,41704.77,121,45718.7,75,469410,3,60304364,19,6121,2234469
3,1,12,19,23,20,2,13,San Francisco-Oakland-Berkeley,CA,San Francisco-Oakland-BerkeleyCA,4701332,10.752766444540708,39,67.5,9,50.972298914435314,49.7,30.7,-5601,53507.8,138,67756.45,111,410293,1,52362907,40,9663,25587315
3,9,6,2,14,20,2,19,Washington-Arlington-Alexandria,DC-VA-MD-WV,Washington-Arlington-AlexandriaDC-VA-MD-WV,6196585,14.397978396773969,37,71.6,7.8,46.53421198934574,50.9,22.8,-17322,71595.72,375,88087.88,231,588021,8,56669857,44,9819,714947
3,9,6,2,14,4,28,10,Houston-The Woodlands-Sugar Land,TX,Houston-The Woodlands-Sugar LandTX,6884138,20.577344419547504,34.3,66.7,13.700000000000001,34.96951978591946,32.800000000000004,23.400000000000002,14367,60764.44,118,115932.64,240,429542,3,97713323,84,15913,0
3,9,6,2,14,4,28,10,Dallas-Fort Worth-Arlington,TX,Dallas-Fort Worth-ArlingtonTX,7320663,18.952677533385387,34.8,68.8,11.700000000000001,31.661681462457704,35.199999999999996,18.7,32164,65395.53,105,113095.06,290,555130,5,86739849,117,16098,0
3,9,1,2,5,3,23,23,Boston-Cambridge-Newton,MA-NH,Boston-Cambridge-NewtonMA-NH,4832346,7.642612908615032,38.7,69.19999999999999,9.3,23.979098350987286,48.1,18.9,-14396,107495.819999999,187,162454.54,163,465068,10,64571543,51,11218,1493582289
3,9,6,2,14,4,28,19,Philadelphia-Camden-Wilmington,PA-NJ-DE-MD,Philadelphia-Camden-WilmingtonPA-NJ-DE-MD,6079130,2.833258734719557,38.8,65.3,12.4,33.39762433111317,37.9,11,-13925,96612.25,179,154254.05,165,465297,8,92844928,66,16257,166663387
3,9,6,2,14,16,23,19,Chicago-Naperville-Elgin,IL-IN-WI,Chicago-Naperville-ElginIL-IN-WI,9508605,1.3207083345898152,37.5,66.8,11.799999999999999,34.260525071763944,38,17.7,-49738,121732.2,225,198767.85,210,736960,7,112075361,94,24076,17023249
2,10,5,2,14,16,23,2,Los Angeles-Long Beach-Anaheim,CA,Los Angeles-Long Beach-AnaheimCA,13249614,4.132678800428891,36.8,64.9,13.900000000000002,46.41575218719579,34.5,33.1,-36154,172302.85,346,185720.419999999,285,1417716,8,261899936,115,27265,97482958
2,10,5,15,11,12,12,31,New York-Newark-Jersey City,NY-NJ-PA,New York-Newark-Jersey CityNY-NJ-PA,19294236,3.1737877402013837,38.6,64.7,12.8,42.45709962291329,40.400000000000006,29.5,-138257,194460.07,459,428063.799999999,332,1362215,16,409869724,132,48894,87151892
